序号,链接,节点数
0,https://gist.githubusercontent.com/peasoft/40b87245630092f30cc98af61190b4e2/raw/,10
1,https://github.com/DaBao-Lee/V2RayN-NodeShare/raw/refs/heads/main/base64,452
2,https://pai.yt/clash,0
3,https://prAks9.absslk.xyz/fa049ceb412ccfca56363276619e41ce,0
4,https://raw.githubusercontent.com/Huibq/TrojanLinks/master/links/vmess,0
5,https://raw.githubusercontent.com/Pawdroid/Free-servers/main/sub,16
6,https://raw.githubusercontent.com/Surfboardv2ray/TGParse/main/python/hy2,5
7,https://raw.githubusercontent.com/Surfboardv2ray/TGParse/main/python/hysteria2,37
8,https://raw.githubusercontent.com/free-nodes/clashfree/raw/refs/heads/main/clash20260713.yml,0
9,https://raw.githubusercontent.com/ripaojiedian/freenode/main/clash,14
10,https://raw.githubusercontent.com/ripaojiedian/freenode/main/sub,13
11,https://raw.githubusercontent.com/shaoyouvip/free/refs/heads/main/all.yaml,101
12,https://raw.githubusercontent.com/zhangkaiitugithub/passcro/main/speednodes.yaml,141

总计,,466
